[
{
    "model": "admin.logentry",
    "pk": 1,
    "fields": {
        "action_time": "2021-03-23T16:18:36.298Z",
        "user": 1,
        "content_type": 9,
        "object_id": "1",
        "object_repr": "Project object (1)",
        "action_flag": 1,
        "change_message": "[{\"added\": {}}]"
    }
},
{
    "model": "admin.logentry",
    "pk": 2,
    "fields": {
        "action_time": "2021-03-23T16:19:03.086Z",
        "user": 1,
        "content_type": 9,
        "object_id": "2",
        "object_repr": "Project object (2)",
        "action_flag": 1,
        "change_message": "[{\"added\": {}}]"
    }
},
{
    "model": "admin.logentry",
    "pk": 3,
    "fields": {
        "action_time": "2021-03-23T17:27:09.069Z",
        "user": 1,
        "content_type": 8,
        "object_id": "1",
        "object_repr": "Task object (1)",
        "action_flag": 1,
        "change_message": "[{\"added\": {}}]"
    }
},
{
    "model": "admin.logentry",
    "pk": 4,
    "fields": {
        "action_time": "2021-03-23T17:28:16.594Z",
        "user": 1,
        "content_type": 8,
        "object_id": "2",
        "object_repr": "Task object (2)",
        "action_flag": 1,
        "change_message": "[{\"added\": {}}]"
    }
},
{
    "model": "admin.logentry",
    "pk": 5,
    "fields": {
        "action_time": "2021-03-24T19:12:08.687Z",
        "user": 1,
        "content_type": 9,
        "object_id": "2",
        "object_repr": "Построить забор",
        "action_flag": 2,
        "change_message": "[{\"changed\": {\"fields\": [\"Closed\"]}}, {\"changed\": {\"name\": \"Task\", \"object\": \"\\u0412\\u043a\\u043e\\u043f\\u0430\\u0442\\u044c \\u0441\\u0442\\u043e\\u043b\\u0431\\u044b\", \"fields\": [\"Assignee\", \"Status\"]}}]"
    }
},
{
    "model": "admin.logentry",
    "pk": 6,
    "fields": {
        "action_time": "2021-03-25T20:43:56.320Z",
        "user": 1,
        "content_type": 7,
        "object_id": "5",
        "object_repr": "Иваныч",
        "action_flag": 1,
        "change_message": "[{\"added\": {}}]"
    }
},
{
    "model": "admin.logentry",
    "pk": 7,
    "fields": {
        "action_time": "2021-03-25T20:44:17.405Z",
        "user": 1,
        "content_type": 7,
        "object_id": "5",
        "object_repr": "Иван                          Иваныч",
        "action_flag": 2,
        "change_message": "[{\"changed\": {\"fields\": [\"Firstname\"]}}]"
    }
},
{
    "model": "admin.logentry",
    "pk": 8,
    "fields": {
        "action_time": "2021-03-25T20:44:30.727Z",
        "user": 1,
        "content_type": 7,
        "object_id": "5",
        "object_repr": "Иван                          Иваныч                          Костыль",
        "action_flag": 2,
        "change_message": "[{\"changed\": {\"fields\": [\"Surname\"]}}]"
    }
},
{
    "model": "admin.logentry",
    "pk": 9,
    "fields": {
        "action_time": "2021-03-31T17:50:48.274Z",
        "user": 1,
        "content_type": 10,
        "object_id": "1",
        "object_repr": "Чтобы выкопать яму, нужно найти палку",
        "action_flag": 1,
        "change_message": "[{\"added\": {}}]"
    }
},
{
    "model": "admin.logentry",
    "pk": 10,
    "fields": {
        "action_time": "2021-04-04T09:42:51.150Z",
        "user": 1,
        "content_type": 8,
        "object_id": "4",
        "object_repr": "Поджечь лес",
        "action_flag": 3,
        "change_message": ""
    }
},
{
    "model": "admin.logentry",
    "pk": 11,
    "fields": {
        "action_time": "2021-04-04T09:46:03.490Z",
        "user": 1,
        "content_type": 8,
        "object_id": "6",
        "object_repr": "Поджечь лес",
        "action_flag": 1,
        "change_message": "[{\"added\": {}}]"
    }
},
{
    "model": "admin.logentry",
    "pk": 12,
    "fields": {
        "action_time": "2021-04-04T09:46:15.322Z",
        "user": 1,
        "content_type": 8,
        "object_id": "6",
        "object_repr": "Поджечь лес",
        "action_flag": 2,
        "change_message": "[{\"added\": {\"name\": \"Comment\", \"object\": \"+1\"}}]"
    }
},
{
    "model": "admin.logentry",
    "pk": 13,
    "fields": {
        "action_time": "2021-04-04T09:46:35.373Z",
        "user": 1,
        "content_type": 8,
        "object_id": "6",
        "object_repr": "Поджечь лес",
        "action_flag": 2,
        "change_message": "[{\"deleted\": {\"name\": \"Comment\", \"object\": \"+1\"}}]"
    }
},
{
    "model": "auth.permission",
    "pk": 1,
    "fields": {
        "name": "Can add log entry",
        "content_type": 1,
        "codename": "add_logentry"
    }
},
{
    "model": "auth.permission",
    "pk": 2,
    "fields": {
        "name": "Can change log entry",
        "content_type": 1,
        "codename": "change_logentry"
    }
},
{
    "model": "auth.permission",
    "pk": 3,
    "fields": {
        "name": "Can delete log entry",
        "content_type": 1,
        "codename": "delete_logentry"
    }
},
{
    "model": "auth.permission",
    "pk": 4,
    "fields": {
        "name": "Can view log entry",
        "content_type": 1,
        "codename": "view_logentry"
    }
},
{
    "model": "auth.permission",
    "pk": 5,
    "fields": {
        "name": "Can add permission",
        "content_type": 2,
        "codename": "add_permission"
    }
},
{
    "model": "auth.permission",
    "pk": 6,
    "fields": {
        "name": "Can change permission",
        "content_type": 2,
        "codename": "change_permission"
    }
},
{
    "model": "auth.permission",
    "pk": 7,
    "fields": {
        "name": "Can delete permission",
        "content_type": 2,
        "codename": "delete_permission"
    }
},
{
    "model": "auth.permission",
    "pk": 8,
    "fields": {
        "name": "Can view permission",
        "content_type": 2,
        "codename": "view_permission"
    }
},
{
    "model": "auth.permission",
    "pk": 9,
    "fields": {
        "name": "Can add group",
        "content_type": 3,
        "codename": "add_group"
    }
},
{
    "model": "auth.permission",
    "pk": 10,
    "fields": {
        "name": "Can change group",
        "content_type": 3,
        "codename": "change_group"
    }
},
{
    "model": "auth.permission",
    "pk": 11,
    "fields": {
        "name": "Can delete group",
        "content_type": 3,
        "codename": "delete_group"
    }
},
{
    "model": "auth.permission",
    "pk": 12,
    "fields": {
        "name": "Can view group",
        "content_type": 3,
        "codename": "view_group"
    }
},
{
    "model": "auth.permission",
    "pk": 13,
    "fields": {
        "name": "Can add user",
        "content_type": 4,
        "codename": "add_user"
    }
},
{
    "model": "auth.permission",
    "pk": 14,
    "fields": {
        "name": "Can change user",
        "content_type": 4,
        "codename": "change_user"
    }
},
{
    "model": "auth.permission",
    "pk": 15,
    "fields": {
        "name": "Can delete user",
        "content_type": 4,
        "codename": "delete_user"
    }
},
{
    "model": "auth.permission",
    "pk": 16,
    "fields": {
        "name": "Can view user",
        "content_type": 4,
        "codename": "view_user"
    }
},
{
    "model": "auth.permission",
    "pk": 17,
    "fields": {
        "name": "Can add content type",
        "content_type": 5,
        "codename": "add_contenttype"
    }
},
{
    "model": "auth.permission",
    "pk": 18,
    "fields": {
        "name": "Can change content type",
        "content_type": 5,
        "codename": "change_contenttype"
    }
},
{
    "model": "auth.permission",
    "pk": 19,
    "fields": {
        "name": "Can delete content type",
        "content_type": 5,
        "codename": "delete_contenttype"
    }
},
{
    "model": "auth.permission",
    "pk": 20,
    "fields": {
        "name": "Can view content type",
        "content_type": 5,
        "codename": "view_contenttype"
    }
},
{
    "model": "auth.permission",
    "pk": 21,
    "fields": {
        "name": "Can add session",
        "content_type": 6,
        "codename": "add_session"
    }
},
{
    "model": "auth.permission",
    "pk": 22,
    "fields": {
        "name": "Can change session",
        "content_type": 6,
        "codename": "change_session"
    }
},
{
    "model": "auth.permission",
    "pk": 23,
    "fields": {
        "name": "Can delete session",
        "content_type": 6,
        "codename": "delete_session"
    }
},
{
    "model": "auth.permission",
    "pk": 24,
    "fields": {
        "name": "Can view session",
        "content_type": 6,
        "codename": "view_session"
    }
},
{
    "model": "auth.permission",
    "pk": 25,
    "fields": {
        "name": "Can add employee",
        "content_type": 7,
        "codename": "add_employee"
    }
},
{
    "model": "auth.permission",
    "pk": 26,
    "fields": {
        "name": "Can change employee",
        "content_type": 7,
        "codename": "change_employee"
    }
},
{
    "model": "auth.permission",
    "pk": 27,
    "fields": {
        "name": "Can delete employee",
        "content_type": 7,
        "codename": "delete_employee"
    }
},
{
    "model": "auth.permission",
    "pk": 28,
    "fields": {
        "name": "Can view employee",
        "content_type": 7,
        "codename": "view_employee"
    }
},
{
    "model": "auth.permission",
    "pk": 29,
    "fields": {
        "name": "Can add task",
        "content_type": 8,
        "codename": "add_task"
    }
},
{
    "model": "auth.permission",
    "pk": 30,
    "fields": {
        "name": "Can change task",
        "content_type": 8,
        "codename": "change_task"
    }
},
{
    "model": "auth.permission",
    "pk": 31,
    "fields": {
        "name": "Can delete task",
        "content_type": 8,
        "codename": "delete_task"
    }
},
{
    "model": "auth.permission",
    "pk": 32,
    "fields": {
        "name": "Can view task",
        "content_type": 8,
        "codename": "view_task"
    }
},
{
    "model": "auth.permission",
    "pk": 33,
    "fields": {
        "name": "Can add project",
        "content_type": 9,
        "codename": "add_project"
    }
},
{
    "model": "auth.permission",
    "pk": 34,
    "fields": {
        "name": "Can change project",
        "content_type": 9,
        "codename": "change_project"
    }
},
{
    "model": "auth.permission",
    "pk": 35,
    "fields": {
        "name": "Can delete project",
        "content_type": 9,
        "codename": "delete_project"
    }
},
{
    "model": "auth.permission",
    "pk": 36,
    "fields": {
        "name": "Can view project",
        "content_type": 9,
        "codename": "view_project"
    }
},
{
    "model": "auth.permission",
    "pk": 37,
    "fields": {
        "name": "Can add comment",
        "content_type": 10,
        "codename": "add_comment"
    }
},
{
    "model": "auth.permission",
    "pk": 38,
    "fields": {
        "name": "Can change comment",
        "content_type": 10,
        "codename": "change_comment"
    }
},
{
    "model": "auth.permission",
    "pk": 39,
    "fields": {
        "name": "Can delete comment",
        "content_type": 10,
        "codename": "delete_comment"
    }
},
{
    "model": "auth.permission",
    "pk": 40,
    "fields": {
        "name": "Can view comment",
        "content_type": 10,
        "codename": "view_comment"
    }
},
{
    "model": "auth.user",
    "pk": 1,
    "fields": {
        "password": "pbkdf2_sha256$216000$ZkHz3qQ6z0iL$UwKtJqDn75djCo9GlEakamR7pQspv144pzku1WVXeL8=",
        "last_login": "2021-04-09T07:36:59.649Z",
        "is_superuser": true,
        "username": "admin",
        "first_name": "",
        "last_name": "",
        "email": "admin@example.com",
        "is_staff": true,
        "is_active": true,
        "date_joined": "2021-03-23T08:21:21.914Z",
        "groups": [],
        "user_permissions": []
    }
},
{
    "model": "employees.employee",
    "pk": 1,
    "fields": {
        "firstname": "Рулон",
        "middlename": null,
        "surname": "Обоев",
        "email": "rulob@example.com",
        "birthdate": "2001-02-23"
    }
},
{
    "model": "employees.employee",
    "pk": 2,
    "fields": {
        "firstname": "Адик",
        "middlename": "Алаисович",
        "surname": "Гитлеров",
        "email": "ziggi@example.com",
        "birthdate": "1488-01-14"
    }
},
{
    "model": "employees.employee",
    "pk": 3,
    "fields": {
        "firstname": "Петр",
        "middlename": "Иванович",
        "surname": "Работников",
        "email": "peetstop@example.com",
        "birthdate": "1972-04-24"
    }
},
{
    "model": "employees.employee",
    "pk": 4,
    "fields": {
        "firstname": "Андрей",
        "middlename": null,
        "surname": "Панин",
        "email": "sobaka@sobaka.com",
        "birthdate": "2011-11-11"
    }
},
{
    "model": "employees.employee",
    "pk": 5,
    "fields": {
        "firstname": "Иван",
        "middlename": "Иваныч",
        "surname": "Костыль",
        "email": "ivanich@exampl.com",
        "birthdate": "2000-03-25"
    }
},
{
    "model": "projects.project",
    "pk": 1,
    "fields": {
        "project_name": "Вырубить лес",
        "description": "Выкорчевать деревья, выровнять участок",
        "budget": 10000.0,
        "deadline": "2021-03-25T21:00:00Z",
        "closed": false
    }
},
{
    "model": "projects.project",
    "pk": 2,
    "fields": {
        "project_name": "Построить забор",
        "description": "Обнести участок каким-то простым забором",
        "budget": 20000.0,
        "deadline": "2021-03-27T21:00:00Z",
        "closed": true
    }
},
{
    "model": "projects.task",
    "pk": 1,
    "fields": {
        "project": 1,
        "task_name": "Взять топор",
        "description": "Взять топор за деревянную ручку",
        "start_date": "2021-03-24T17:26:33Z",
        "complete_date": "2021-03-27T17:27:07Z",
        "author": 2,
        "assignee": 4,
        "status": "completed"
    }
},
{
    "model": "projects.task",
    "pk": 2,
    "fields": {
        "project": 2,
        "task_name": "Вкопать столбы",
        "description": "Вкопать столбы по периметру участка",
        "start_date": "2021-03-26T17:27:59Z",
        "complete_date": "2021-03-27T17:28:04Z",
        "author": 2,
        "assignee": 3,
        "status": "completed"
    }
},
{
    "model": "projects.task",
    "pk": 3,
    "fields": {
        "project": 1,
        "task_name": "Выкопать яму",
        "description": "Копать, пока не появится яма 1",
        "start_date": "2020-12-31T21:00:00Z",
        "complete_date": "2021-02-28T21:00:00Z",
        "author": 2,
        "assignee": 1,
        "status": "in_progress"
    }
},
{
    "model": "projects.task",
    "pk": 6,
    "fields": {
        "project": 1,
        "task_name": "Поджечь лес",
        "description": "Взять спички, поджечь лес, собаку не трогать",
        "start_date": "2021-04-04T09:45:46Z",
        "complete_date": "2021-04-14T09:45:47Z",
        "author": 2,
        "assignee": 4,
        "status": "in_progress"
    }
},
{
    "model": "projects.comment",
    "pk": 1,
    "fields": {
        "task": 3,
        "created_date": "2021-03-31T17:50:46Z",
        "text": "Чтобы выкопать яму, нужно найти палку"
    }
},
{
    "model": "projects.comment",
    "pk": 2,
    "fields": {
        "task": 3,
        "created_date": "2021-04-01T03:54:10.952Z",
        "text": "dlfka;gkagwe"
    }
},
{
    "model": "projects.comment",
    "pk": 3,
    "fields": {
        "task": 1,
        "created_date": "2021-04-01T03:54:39.056Z",
        "text": "Заберите у него топор"
    }
},
{
    "model": "projects.comment",
    "pk": 4,
    "fields": {
        "task": 1,
        "created_date": "2021-04-01T03:55:01.437Z",
        "text": "+1"
    }
},
{
    "model": "projects.comment",
    "pk": 5,
    "fields": {
        "task": 1,
        "created_date": "2021-04-01T03:55:04.873Z",
        "text": "+1"
    }
},
{
    "model": "projects.comment",
    "pk": 6,
    "fields": {
        "task": 3,
        "created_date": "2021-04-02T11:58:32.126Z",
        "text": "efdsad"
    }
},
{
    "model": "projects.comment",
    "pk": 7,
    "fields": {
        "task": 3,
        "created_date": "2021-04-02T12:01:43.079Z",
        "text": "fdakfljgl"
    }
},
{
    "model": "projects.comment",
    "pk": 8,
    "fields": {
        "task": 3,
        "created_date": "2021-04-02T12:02:21.608Z",
        "text": "Hey"
    }
},
{
    "model": "projects.comment",
    "pk": 9,
    "fields": {
        "task": 3,
        "created_date": "2021-04-02T12:07:48.602Z",
        "text": "Test 1"
    }
},
{
    "model": "projects.comment",
    "pk": 10,
    "fields": {
        "task": 3,
        "created_date": "2021-04-02T12:08:34.211Z",
        "text": "test 2"
    }
},
{
    "model": "projects.comment",
    "pk": 11,
    "fields": {
        "task": 3,
        "created_date": "2021-04-02T12:09:05.720Z",
        "text": "fsdfag"
    }
},
{
    "model": "projects.comment",
    "pk": 12,
    "fields": {
        "task": 3,
        "created_date": "2021-04-02T12:10:19.091Z",
        "text": "Test 3"
    }
},
{
    "model": "projects.comment",
    "pk": 13,
    "fields": {
        "task": 3,
        "created_date": "2021-04-04T06:42:38.480Z",
        "text": "test 4"
    }
},
{
    "model": "projects.comment",
    "pk": 14,
    "fields": {
        "task": 3,
        "created_date": "2021-04-04T06:43:04.600Z",
        "text": "test 5"
    }
},
{
    "model": "projects.comment",
    "pk": 15,
    "fields": {
        "task": 3,
        "created_date": "2021-04-04T06:43:35.778Z",
        "text": "test 6"
    }
},
{
    "model": "projects.comment",
    "pk": 16,
    "fields": {
        "task": 3,
        "created_date": "2021-04-04T06:44:22.955Z",
        "text": "test 7"
    }
},
{
    "model": "projects.comment",
    "pk": 17,
    "fields": {
        "task": 3,
        "created_date": "2021-04-04T06:46:10.863Z",
        "text": "test 8"
    }
},
{
    "model": "projects.comment",
    "pk": 18,
    "fields": {
        "task": 3,
        "created_date": "2021-04-04T06:47:19.074Z",
        "text": "test 9"
    }
},
{
    "model": "projects.comment",
    "pk": 19,
    "fields": {
        "task": 3,
        "created_date": "2021-04-04T06:47:37.316Z",
        "text": "test 10"
    }
},
{
    "model": "projects.comment",
    "pk": 20,
    "fields": {
        "task": 3,
        "created_date": "2021-04-04T06:48:00.423Z",
        "text": "test 11"
    }
},
{
    "model": "projects.comment",
    "pk": 21,
    "fields": {
        "task": 3,
        "created_date": "2021-04-04T06:48:17.049Z",
        "text": "test 12"
    }
},
{
    "model": "projects.comment",
    "pk": 22,
    "fields": {
        "task": 3,
        "created_date": "2021-04-04T07:13:39.196Z",
        "text": "test 13"
    }
},
{
    "model": "projects.comment",
    "pk": 23,
    "fields": {
        "task": 3,
        "created_date": "2021-04-04T07:13:56.729Z",
        "text": "test 14"
    }
},
{
    "model": "projects.comment",
    "pk": 24,
    "fields": {
        "task": 3,
        "created_date": "2021-04-04T07:18:28.512Z",
        "text": "test 15"
    }
},
{
    "model": "projects.comment",
    "pk": 25,
    "fields": {
        "task": 3,
        "created_date": "2021-04-04T07:19:25.325Z",
        "text": "test 16"
    }
},
{
    "model": "projects.comment",
    "pk": 27,
    "fields": {
        "task": 2,
        "created_date": "2021-04-04T07:28:26.992Z",
        "text": "Молодцы!"
    }
},
{
    "model": "projects.comment",
    "pk": 28,
    "fields": {
        "task": 3,
        "created_date": "2021-04-04T07:46:22.964Z",
        "text": "привет!"
    }
},
{
    "model": "projects.comment",
    "pk": 29,
    "fields": {
        "task": 3,
        "created_date": "2021-04-04T09:33:24.577Z",
        "text": "test 17"
    }
},
{
    "model": "projects.comment",
    "pk": 30,
    "fields": {
        "task": 1,
        "created_date": "2021-04-04T09:33:41.391Z",
        "text": "+2"
    }
},
{
    "model": "projects.comment",
    "pk": 32,
    "fields": {
        "task": 3,
        "created_date": "2021-04-08T16:43:05.122Z",
        "text": "йо"
    }
}
]
